{

	"count":6,
	"title":[
			{
				"publisher":"동아",
				"headline":"사업다각화 성공한 NHN, '티메프' 사태 불똥"
			},
			{
				"publisher":"한겨레",
				"headline":"삼성전기, 고수익 기업에서 평범한 기업 됐다"
			},
			{
				"publisher":"BBC",
				"headline":"주요 건설사, 원가부담 상승에 수익성 하락 못 피해"
			},
			{
				"publisher":"CNN",
				"headline":"무엇이 티몬과 위메프를 위기로 몰았나?"
			},
			{
				"publisher":"디스패치",
				"headline":"이호성 대표 체제 하나카드, '빅5' 진입 노린다"
			},
			{
				"publisher":"조선",
				"headline":"임종룡 우리금융 회장, 비은행 부문 새판 본격화"
			}
	
	
	
	
	]





}